0,2025-5-151 22:56:55
1,2025-5-151 22:57:2
2,2025-5-151 23:45:47
3,2025-5-151 23:55:16
4,2025-5-151 23:55:27
5,2025-6-152 0:2:4
6,2025-6-152 0:3:7
7,2025-6-152 0:4:15
8,2025-6-152 0:5:41
9,2025-6-152 0:5:52
10,2025-6-152 0:7:47
11,2025-6-152 0:9:40
12,2025-6-152 0:10:2
13,2025-6-152 0:10:55
14,2025-6-152 13:6:52
15,2025-6-152 13:7:41
16,2025-6-152 13:8:16
17,2025-6-152 13:9:17
18,2025-6-152 13:10:38
19,2025-6-152 14:39:56
20,2025-6-152 14:55:40
21,2025-6-152 14:56:16
22,2025-6-152 14:57:22
23,2025-6-152 14:58:7
24,2025-6-152 14:58:40
25,2025-6-152 14:59:32
26,2025-6-152 15:1:10
27,2025-6-152 15:2:27